# churn = commits touching the file, in the 365 days before the pinned commit (up to 2026-08-28)
# branches = count of if/case/for/foreach/while/catch/&&/||/?? tokens (a cheap cyclomatic proxy, Ch 30)
# score = churn x branches; renames are not followed; migrations and generated files excluded
score	churn	branches	lines	authors	file
70	2	35	406	2	src/Catalog.API/Apis/CatalogApi.cs
40	2	20	173	2	src/eShop.ServiceDefaults/OpenApiOptionsExtensions.cs
25	1	25	261	1	src/EventBusRabbitMQ/RabbitMQEventBus.cs
20	2	10	93	2	src/eShop.AppHost/Program.cs
18	3	6	126	2	src/eShop.AppHost/Extensions.cs
12	2	6	72	2	src/eShop.ServiceDefaults/OpenApi.Extensions.cs
12	1	12	68	1	tests/Ordering.UnitTests/Application/NewOrderCommandHandlerTest.cs
8	2	4	126	2	tests/Basket.UnitTests/BasketServiceTests.cs
8	1	8	79	1	src/Catalog.API/Model/CatalogItem.cs
7	1	7	52	1	src/OrderProcessor/Services/GracePeriodManagerService.cs
6	1	6	74	1	src/Catalog.API/Infrastructure/CatalogContextSeed.cs
5	1	5	59	1	src/Catalog.API/Services/CatalogAI.cs
5	1	5	63	1	src/ClientApp/ViewModels/OrderDetailViewModel.cs
4	2	2	57	2	src/HybridApp/Services/CatalogService.cs
4	1	4	30	1	src/HybridApp/GlobalSuppressions.cs
4	1	4	71	1	src/WebAppComponents/Services/CatalogService.cs
4	1	4	97	1	tests/ClientApp.UnitTests/ViewModels/MockViewModelTests.cs
3	1	3	107	1	src/WebApp/Extensions/Extensions.cs
3	1	3	13	1	src/Catalog.API/Services/ICatalogAI.cs
3	1	3	174	1	tests/Ordering.UnitTests/Domain/SeedWork/ValueObjectTests.cs
3	1	3	18	1	src/ClientApp/Converters/WebNavigatingEventArgsConverter.cs
3	1	3	46	1	tests/Basket.FunctionalTests/RedisFixture.cs
3	1	3	61	1	tests/eShop.AppHost.UnitTests/AppHostConfigurationTests.cs
3	1	3	75	1	src/Shared/MigrateDbContextExtensions.cs
2	2	1	36	2	src/EventBusRabbitMQ/RabbitMqDependencyInjectionExtensions.cs
